ID	Fold Change	FDR
4314.0	-0.118603690257537	0.599746521704417
7290.0	0.58236137978219	0.0316915413655419
798.0	-0.089216587449517	0.899327507952938
6234.0	0.111998753946338	0.252045096231813
6665.0	0.341132453220354	0.056859407650308
6488.0	-0.324766200661394	0.575356871123888
2286.0	-0.254974871922187	0.0202183886837134
4402.0	-0.276564986099398	0.696619411550625
1447.0	0.364849572439322	0.133376391505873
6520.0	0.159472974299774	0.795271526974886
2294.0	-0.198228002179004	0.526499011558334
8777.0	0.121856103953188	0.732205599704907
4398.0	-0.0716455374255069	0.98257706984416
1913.0	-0.309898664594432	0.357399674869041
6327.0	-0.269905590386614	0.342163301234024
4226.0	0.2434847811456	0.819100391796844
3762.0	0.291923569669731	0.194279481076206
2517.0	0.00633331329309073	0.997454571635332
396.0	-0.00352958254322289	0.992446571440202
4176.0	0.0518297313165057	0.932698384708087
6361.0	-0.0721591903999403	0.863841044950925
7060.0	-0.180117239748185	0.289174050565853
1294.0	0.0206008787721288	0.968955847409854
2854.0	1.01192438933296	0.147044177931751
3907.0	0.104428694039903	0.828878701965368
7008.0	0.131230400158781	0.712403922379322
6056.0	0.578154638283621	0.636005046352428
5185.0	-0.187204225687903	0.779203289125577
723.0	0.279488837214984	0.61451795725385
5548.0	0.0814580278585524	0.97081969439094
1886.0	-0.604100874426216	0.00551597193787423
6802.0	0.429647727351846	0.391912382315263
2066.0	-0.157627417945346	0.48452751932772
901.0	0.0826882745930675	0.695783747601077
6460.0	-0.113853702684072	0.478169111557505
806.0	-0.336262012872147	0.432409467303036
5344.0	0.229867017992646	0.81374117003957
8817.0	-0.254649804872251	0.798626266595755
2238.0	-0.222287728130077	0.328311117296271
3251.0	0.55392017950085	0.220812592473982
7858.0	-0.133315135416062	0.908423610193684
1836.0	0.301034112722984	0.0905196545076206
1470.0	-0.0630397308487325	0.972476364321082
2562.0	-0.0342702409015523	0.837157109933092
7199.0	0.115501664982666	0.866501157638221
3164.0	-0.182985776061617	0.537497946691239
6804.0	-0.252971071000918	0.468281001740157
9185.0	0.09678914604903	0.665957103176058
2.0	-0.151507098830379	0.794346285776671
2651.0	0.0439632496000009	0.689177285909626
6136.0	-0.00580919696772497	0.999118741266213
1598.0	-0.495417844025241	0.00851810571300249
5174.0	0.0293406946832064	0.974032351224626
7754.0	-0.555572178577357	0.493821245224786
3765.0	0.0566395473132211	0.866619912221038
1998.0	0.13563421081653	0.314110928734061
8340.0	0.311676272692608	0.541803844101664
2186.0	0.141758848491147	0.630860883535416
1297.0	-0.331529948451049	0.280055417512206
2676.0	0.166845663434259	0.38570628078887
8685.0	0.0591032094858974	0.960482589132441
4409.0	-0.100779126416537	0.950171641226641
6705.0	-0.146459082885563	0.702270934998253
3749.0	0.358278082629525	0.371210858491673
8116.0	-0.0418707808762271	0.989903991133415
8377.0	-0.417594793094093	0.667117644144799
5196.0	-0.0580777680020326	0.682930509851095
4718.0	0.122590232878554	0.732474558988012
3734.0	0.364568094737766	0.0573185724652123
6943.0	0.147764086610014	0.78509637011064
17.0	0.153545983434981	0.880458915015051
642.0	-0.194519571242463	0.0860430197766947
6643.0	0.21834135201382	0.591722067155498
6482.0	0.346903612754808	0.108563927119449
8038.0	0.0761468211946799	0.956958474003652
736.0	-0.0900357938671696	0.873432244118593
7722.0	-0.206359121809534	0.92013940933477
8736.0	0.0077046522867299	0.9999420198158
509.0	-0.237341191337766	0.482493666399209
8041.0	-0.0227399381878506	0.967435842468453
2945.0	-0.179631650500284	0.0585780481463765
5262.0	-0.0518362765664762	0.987201895069975
3654.0	-0.104325270306749	0.98463729618899
6984.0	-0.098620887709572	0.859855729180997
7586.0	-0.062423684100402	0.969757016692449
3496.0	-0.592780603433599	0.514501876186137
1860.0	0.00353423727976221	0.994881374924726
605.0	0.0864417055197535	0.704437704870821
351.0	0.0554148930816076	0.942427606181318
306.0	0.0721310833732609	0.468778452650292
7094.0	0.138622014355999	0.319732897583298
5689.0	0.0675466815952746	0.890973836903579
5102.0	-0.0260417535692881	0.966613288998716
1418.0	0.0084809376187529	0.995649604612437
7710.0	-0.153142696929109	0.747445430559879
6440.0	0.189472749868134	0.940455384088276
7669.0	-0.909515857408717	0.003266395598573
1421.0	0.253552686365918	0.691176076950896
3643.0	-0.0517396158491117	0.326104078102918
2435.0	0.193868216506342	0.758987190254584
5076.0	-0.083405301072375	0.94795203783749
5734.0	0.198454167705428	0.867622217080746
6680.0	-0.0550491306115468	0.9624809666527
1414.0	0.261260604435552	0.650380635734251
5589.0	0.0768539237152019	0.733529415528613
4983.0	-0.431150593389013	0.213531697290223
9217.0	0.0664681393730149	0.982911356872399
1675.0	-0.160958810600352	0.765468424483822
4611.0	-0.172477134088023	0.730961917426526
8458.0	-0.111080894270149	0.882674446833276
6118.0	-0.119624598681156	0.871088781618168
4804.0	0.029041453938401	0.973892303635652
1374.0	-0.227146260370873	0.130007052037438
5604.0	0.00134854319956546	0.99998143801397
1304.0	0.0362023527173143	0.966268985241861
4547.0	-0.142575147963051	0.814764972531829
6809.0	-0.649395058472827	0.60851878145336
4209.0	-0.105238416491517	0.953878045344089
2845.0	0.19170299284826	0.842887082175943
2818.0	-0.0122517753123468	0.981979333955485
2976.0	-0.179936091375378	0.405153064492821
5035.0	-0.236244104174496	0.317098080745079
3875.0	0.478349424266082	0.490947075075581
2879.0	-0.121300414459654	0.774312261979183
6412.0	-0.0572154072011308	0.903169596190276
3082.0	-0.29340698700015	0.741024591156776
2312.0	-0.749779788751699	0.0343407667455673
8204.0	-0.218007043907832	0.192737768537474
3672.0	0.668125422870734	0.193268715078245
7135.0	0.129568069297012	0.950094655721917
1323.0	0.095407472236225	0.337594007072063
4821.0	0.0671981969992785	0.979692574772432
6366.0	1.31029099615262	0.0838055646487165
3345.0	-0.184703967607909	0.38143004771745
4676.0	-0.154826824358238	0.871731305832627
7901.0	1.04514088764937	0.0748699686911905
2107.0	-0.0576434594661848	0.820876842686763
3340.0	-0.436936989103039	0.0501228250961292
3454.0	0.0674880243426088	0.889228211605088
4982.0	0.0385176713759279	0.933937555810007
799.0	-0.110825821213837	0.838530122284141
7906.0	0.194381439370343	0.259597765583914
1994.0	0.304356553822341	0.544312178026225
4265.0	-0.0325660242696237	0.911033109853098
6902.0	-0.00460406544471681	0.998930168042833
3549.0	0.0531835994704117	0.964716854534701
636.0	-0.117322335307588	0.859108541046846
913.0	0.0128669714821292	0.977826889791255
7860.0	-0.320516993539453	0.831732958096364
2754.0	0.133708534677101	0.594222891551921
778.0	0.117875339153741	0.911511760859708
728.0	0.130269780711842	0.794837072001149
1363.0	-0.00265023664437436	0.995349842073026
2051.0	0.287777698814349	0.145238919320291
8611.0	0.257913833944766	0.326702606358874
3118.0	-0.536476768712973	0.112997242134081
654.0	0.0636061901732745	0.880566210733342
3773.0	-0.172829644820062	0.5879654526583
1187.0	-0.03111867889743	0.988201402679826
1865.0	0.00507695025244104	0.991037526659663
3060.0	0.129509025586742	0.701095838205603
3650.0	0.0251747891723433	0.991109148674686
768.0	-0.128031292231281	0.805401430048327
3393.0	-0.0877158594582923	0.79603419430459
6649.0	-0.5149916457136	0.504663822197953
8345.0	-0.0458283246819562	0.916888910115424
5616.0	0.180677739301645	0.942827924126892
8396.0	0.127956921056416	0.394542342940129
2379.0	-0.180797125649445	0.55793989094002
2694.0	-0.287968093275289	0.0571644744303899
3827.0	-0.0693582852482919	0.86905255541257
8533.0	-0.102489588262294	0.738847292434983
880.0	0.638163946530852	0.161479784097423
1422.0	-0.0191369499275496	0.99244800223434
7225.0	-0.317405456444579	0.078508636930382
257.0	-0.0954091089270079	0.789842279414401
1285.0	0.0632369323934192	0.949923008766361
3536.0	-0.10304560871376	0.960923325405274
5522.0	0.0149565210393128	0.999244080638903
7968.0	0.0947059209111139	0.881792598611763
3309.0	-0.225775796635535	0.655899199266328
7399.0	-0.357330906971519	0.58459338617371
7334.0	0.446896302619738	0.224168666234381
9127.0	0.132778090216089	0.713803240180637
9192.0	-0.0853123106106999	0.895988656016393
3264.0	-0.0897423394557961	0.555477308147532
2581.0	0.380155877772381	0.0360625758674215
8657.0	-0.444516523866586	0.0423451440599816
2336.0	-0.131684171944265	0.602524637594878
6633.0	-0.206046939790252	0.723172946464568
2717.0	-0.308874915220201	0.107480486364112
9012.0	-0.00952099079147573	0.998776166087499
810.0	0.33370668987591	0.680656669660028
9224.0	-0.0713812474513169	0.952600968806886
417.0	0.191975372347621	0.78208403995243
8428.0	-0.0768451498103104	0.966176044397209
2533.0	0.24853466676857	0.445057953118817
6169.0	-0.167951029889636	0.922377171635946
6404.0	0.225315673346282	0.879406244156141
2503.0	-0.228710075510801	0.537129041179
3561.0	0.065560407059678	0.980230659367334
7124.0	0.178302934230413	0.851597308969873
3758.0	0.125124938880006	0.921030661742738
3132.0	-0.0991542211917675	0.815456602997885
2823.0	-0.0460084748138385	0.943422912964437
1202.0	0.16270572631074	0.527111854968813
2921.0	0.0440798968618736	0.967332130691439
6504.0	0.130518559446703	0.864736821853983
8801.0	0.0801717253386833	0.842174980440022
8202.0	-0.212288474913684	0.883239878781965
6639.0	0.0290343854119577	0.978469165346271
1939.0	0.353163517625895	0.0603287816765087
8416.0	-0.397222758528761	0.275800359421933
5489.0	0.0919269529065865	0.973127835817819
3036.0	-0.156864296018426	0.344889228090837
8235.0	0.0138427779996064	0.987147473735714
4280.0	0.190651523579835	0.335656139703348
7915.0	-0.367582279031605	0.412921819980304
1408.0	-0.186276843626285	0.528097430005214
9259.0	0.0541598172773554	0.92807188509454
5388.0	-0.304726310339237	0.633287105388771
3202.0	-0.177320360861152	0.482381724766107
912.0	0.0121068950675749	0.97648874809043
8060.0	0.222792858195817	0.732987943958346
6321.0	-0.137256885416335	0.565544812796317
8687.0	0.0545995814568556	0.970659612635719
2523.0	-0.192729327601654	0.642667419099214
3560.0	0.0506496574432305	0.911938387901982
6204.0	0.276712857311686	0.763072414414849
1688.0	-0.123746797358141	0.355875589059102
8127.0	-0.227662098379206	0.499273731688685
7889.0	-0.083324085320605	0.914066160805122
1583.0	-0.12163051673334	0.783578203773214
4084.0	0.17655394916547	0.398730008232017
5438.0	0.0831541959614341	0.979204429416062
7547.0	0.0670253107852901	0.950145188534876
3029.0	-0.0135492966987627	0.985121101398491
759.0	0.0216700838167831	0.978385188226908
7358.0	0.160861469932815	0.831620357173257
3281.0	-0.112935294488899	0.604335074229443
9060.0	0.0392585525931715	0.96731319648486
2018.0	0.0716077148210239	0.868176742283771
5899.0	-0.0352713506912998	0.992648102558334
4271.0	-0.187684346656255	0.875645304870726
1674.0	0.232006699451947	0.313605005927556
7495.0	-0.0559786645530487	0.947318620220076
2975.0	0.000286321126491629	0.995053943093675
5701.0	-0.0637878605603302	0.529141155294876
5873.0	0.0367020161372516	0.928179396691785
6647.0	0.0864259755764429	0.892570385222764
2380.0	0.05852018363667	0.975866509055033
3523.0	0.0129866305766306	0.994990714663057
2423.0	-0.0673863796172149	0.975339970330273
7077.0	0.058732819206444	0.956404440658967
8990.0	-0.162544718014725	0.808936526990236
1429.0	0.269111666997688	0.0414183122972156
853.0	0.0739318947843124	0.842362676063323
5266.0	0.186092712691888	0.673786021436579
6120.0	-0.174645698792411	0.879315167268664
7808.0	0.280068730427182	0.501686825135216
5429.0	-0.365487232751267	0.816610756884152
7134.0	0.0695072333154627	0.841359745085887
4858.0	-0.210439699799451	0.668791410695043
6045.0	-0.103259774082176	0.982298974599319
4659.0	0.377921884820509	0.138446659664537
8493.0	0.044580873699136	0.986812127024161
8324.0	-0.161409755046439	0.745950611186674
3639.0	-0.0674744012004602	0.818500911940898
2448.0	-0.168958137235293	0.601336013230381
3901.0	-0.163720967796849	0.0341490358794406
4645.0	-0.102364649821816	0.736118865386261
4046.0	0.00712662763607241	0.999677152172171
4702.0	0.273370064588484	0.322244548282423
8053.0	0.141067099268373	0.829664148685323
9267.0	0.129525909439742	0.865635361418952
8062.0	0.0455128593284897	0.950402725762716
6927.0	0.00180015702994751	0.998222998044834
8382.0	-0.582074428557977	0.160633514835826
3424.0	0.0624662008680623	0.864352797572023
6779.0	0.141411006685534	0.722367521930392
8006.0	-0.083151448446241	0.852107287898385
3563.0	0.00737963572685274	0.996921963039594
9069.0	0.154345927168603	0.849995346492981
2386.0	-0.12092617849418	0.529661667276584
2981.0	-0.734108858380512	0.477304850200551
8376.0	0.118580084908977	0.841152589922427
6023.0	-0.210509366788394	0.395459107378052
5465.0	0.0179530114766422	0.986759414570636
2539.0	-0.181403320875752	0.457074284515277
8128.0	-0.0685865117439874	0.934208122976947
6263.0	0.0678253814711312	0.779225430308512
1948.0	0.0900138643082116	0.798248262485335
144.0	-0.0210839140436541	0.98603757183909
9368.0	-0.386088013152609	0.0924500633966896
2447.0	0.118232360138538	0.698616146806802
4327.0	-0.0901906037596909	0.973654808716546
879.0	-0.131742621761084	0.544691120185956
5400.0	0.911858687667365	0.0525924167421052
4199.0	-0.139169379120524	0.958861418249576
5297.0	-0.225059924346834	0.617039792664412
5324.0	0.136636972983574	0.837453914001682
9382.0	0.00328259195648783	0.998697936796655
2240.0	0.0728310519150313	0.885555902062786
6904.0	-0.124099778918946	0.775516087755551
7810.0	-0.145644201645599	0.81225133491119
1625.0	-0.174266786524626	0.175190162646001
2160.0	0.270482633459029	0.874479396359351
1667.0	-0.1870152232324	0.776437436127082
7888.0	-0.29797996897997	0.0280870750127101
3275.0	-0.102947399781311	0.902754740670038
2141.0	-0.242052761447379	0.390204493841283
898.0	-0.373305266191085	0.218476553386602
3441.0	-0.00546253383851436	0.998569617318394
3759.0	-0.138954512010887	0.87244658064143
8313.0	-0.0301424604936962	0.964034068031628
7243.0	-0.162237999784157	0.951820069027993
2038.0	0.164387004556925	0.904917960675451
3331.0	0.0448761535864897	0.795217288129446
2669.0	-0.225776414262633	0.117070092427332
6459.0	0.026212422078153	0.970785687577033
5434.0	-0.0575172969204552	0.937775414941238
2952.0	-0.0338626447321175	0.936211323070131
4377.0	-0.292035145414452	0.696185784615047
3221.0	-0.231129363362069	0.738318120913997
8267.0	0.0788151336051648	0.98747578267615
7023.0	0.124640521636653	0.912356343295026
1175.0	-0.0361037675603804	0.91928111665441
4528.0	0.203443896922368	0.574543694530895
1772.0	1.25797084060988	0.0724029971929088
3458.0	-0.348957598220959	0.793917240807008
7228.0	-0.0185206644598885	0.970641213412237
4879.0	-0.361144973115692	0.476435802716962
7015.0	0.0515589510281771	0.890664864995079
9206.0	-0.0680917151280625	0.954765761168361
2719.0	0.103880425934484	0.983805156151496
4604.0	0.115705721228114	0.920974242922685
630.0	0.112046775819493	0.799903247447824
2016.0	0.189530474949393	0.696414175378999
4552.0	0.105787495066963	0.946969626171009
6272.0	0.00693518217860145	0.997539468205463
3330.0	0.080540337678773	0.348660153119875
9158.0	-0.00109087836730026	0.999542894697539
8666.0	-0.167381286805462	0.353509878138288
5998.0	-0.152965457590859	0.884588232656329
1392.0	0.355383786043753	0.256650537090115
6854.0	-0.0391037650701307	0.920921676108092
3713.0	0.152968121038366	0.346434999599976
5206.0	0.234931919946721	0.82861056045097
6063.0	-0.188880152643655	0.835561268443859
7414.0	0.519811521565327	0.356006734597571
6599.0	0.00299601200862654	0.997466275365618
5442.0	-0.0577560435606976	0.942042170334701
3478.0	-0.0692991835483134	0.740918654314364
72.0	1.03683133411191	0.2083695053585
3290.0	-0.325024299660882	0.03919381923415
3092.0	0.152995137235184	0.70088766651477
8103.0	-0.26028740870705	0.722284232644232
4990.0	-0.260841256351128	0.304173648269694
1497.0	-0.113126805588962	0.882288528073005
6675.0	0.143730981030608	0.792589956441794
7349.0	0.0604745134051754	0.937166921943835
7536.0	0.0144688606054526	0.987822766523085
8693.0	-0.0148759021116831	0.979090959339165
2507.0	-0.095538949345606	0.72211303966167
1833.0	0.0834084627179443	0.928229174145233
2710.0	-0.31718170442991	0.354631507244552
8094.0	0.367835470915122	0.207946256255627
8732.0	-0.131506118669211	0.982410171345658
4664.0	-0.220741928352126	0.900034312151615
7052.0	-0.207618463560266	0.542322760943989
5313.0	0.253022777399277	0.724821458185593
2962.0	0.277972120377648	0.492956102998105
5769.0	0.0731838515750098	0.812458101377574
4427.0	0.717022230070931	0.551143013260026
3707.0	-0.0490909260715569	0.834117029415672
377.0	-0.324071537327438	0.555530968837712
7521.0	-0.117869445694637	0.391333814699445
6415.0	-0.578363956613309	0.485407773907484
4876.0	0.177720432858614	0.506968084747911
5715.0	0.0490779398178276	0.982731187251671
7981.0	-0.110974972595617	0.768723120872775
716.0	0.490139946179941	0.448407931575089
3833.0	0.0679571031347361	0.952498245769269
6243.0	-0.154732798677202	0.667675079866496
2697.0	0.0568021932070941	0.863370148358925
9292.0	-0.216406378007886	0.516124048196424
1805.0	0.101275925827927	0.80230912896267
1815.0	0.26305098415726	0.340895618588053
1654.0	0.142228225810001	0.393364309306762
6573.0	-0.185312456303258	0.709618042287857
4295.0	0.0887633556081973	0.968409434753964
1307.0	0.160113215912673	0.870612765634253
5691.0	-0.099075943561143	0.4405106824213
5803.0	0.0530048971023334	0.926855938920388
4572.0	-0.171239245549913	0.341363734548279
2584.0	0.00483614123523424	0.989958168063855
5857.0	-0.111724378261581	0.50880436484778
5237.0	0.0959490805601284	0.933983875308131
3193.0	0.282373626628811	0.0780025179939015
2010.0	0.118635018459663	0.555595748856745
9116.0	0.368400129746359	0.643392937181476
5602.0	-0.0620106959152338	0.944745963077375
9156.0	0.342126942004796	0.548039917349775
2179.0	0.227829005411126	0.660747717846535
8879.0	0.194102178659794	0.944391851803269
6240.0	0.241422944245784	0.53859478552546
718.0	0.0792002157686262	0.737048621749761
6617.0	-0.279746381215176	0.842269737367534
3917.0	-0.199863494752048	0.60570381539269
1083.0	0.0965630249064979	0.507032393562381
7589.0	0.134191901137832	0.736392833746259
9149.0	0.00231443794107022	0.934754123263675
985.0	-0.297265944788656	0.553070412815682
9197.0	0.0400356778639228	0.970843989729861
584.0	-0.0835176311623656	0.93061097547784
209.0	0.224421221017252	0.268630853308589
2904.0	0.0612332826361879	0.971708892019457
7592.0	-0.062589122481068	0.939823252060275
8717.0	0.0378206487523372	0.971967939042231
1358.0	-0.0998212241850176	0.68045158453392
4874.0	0.266715689992978	0.697087252069571
3446.0	0.0269788647402756	0.992199455870189
4189.0	0.105473880135314	0.674649424409832
7229.0	0.014992120994993	0.996119474069684
9289.0	0.425516971324782	0.186199559931643
350.0	0.0907341525585075	0.850037730281792
2414.0	-0.195424859067039	0.177968231195714
7962.0	-0.20382259310546	0.79686995734172
3717.0	0.184131400995376	0.751995493182915
7508.0	-0.326374773055104	0.190538545932206
1362.0	-0.289227899821817	0.0258370597591918
1918.0	-0.0749263231157578	0.850673997516043
5137.0	0.240647283602677	0.350392964682138
7491.0	-0.159199123823012	0.893477500598907
9229.0	-0.285259258584144	0.759197004454484
7381.0	-0.193318648822412	0.78094014106569
3590.0	-0.146181608118429	0.742550709815719
989.0	-0.200141117216901	0.895776357833321
5595.0	0.0528817471748368	0.961010795478354
9142.0	-0.0127680961925485	0.990820503741366
8426.0	-0.0461876180108476	0.881902254083673
5037.0	-0.139054781789671	0.757594803175803
8843.0	0.183500647036979	0.767235538158055
7618.0	-0.291829859871491	0.288282308091119
392.0	-0.193212374498586	0.0621335702558138
4361.0	0.276614108928257	0.762027049377355
236.0	-0.499872577292638	0.455963068307365
266.0	-0.222509386812519	0.440638572000412
2011.0	0.132433318959606	0.656950656561554
4410.0	-0.0311066667003956	0.980302778100289
4928.0	0.195571225412948	0.414032485447003
8437.0	-0.0766075784755458	0.986472038885232
2495.0	-0.238404186910653	0.216431341831096
1193.0	0.196619934391652	0.488409259953159
1488.0	0.276496392883978	0.0887403595974881
5367.0	0.257566652781538	0.45091389698892
363.0	-0.0642401153240648	0.901390140106951
4442.0	-1.14788138703044	0.392770547681008
5490.0	0.15709531721911	0.909647698976114
4580.0	-0.217005691773501	0.596217092111968
4533.0	0.0200577401250968	0.998984463589496
2672.0	-0.0646225679220649	0.965980055926223
6736.0	-0.158792072658542	0.870872764589491
4487.0	0.0756781829213331	0.857473384956112
817.0	-0.339314157300031	0.758870059584845
6148.0	-0.0903674771073639	0.935752149431376
479.0	0.627977953914414	0.110920839462967
6397.0	0.0952107920097589	0.824538624323522
6866.0	-0.177554856470351	0.147393439960233
6546.0	0.0962280440413501	0.862087791330726
5280.0	-0.473960503041781	0.0483002455998651
1842.0	-0.181236077793201	0.351502288382064
2293.0	0.170753898382053	0.553518596984936
797.0	-0.0145859443876084	0.997478169150829
3961.0	-0.161907194575406	0.426749975543146
1368.0	-0.0404831812865574	0.901850394365023
2949.0	0.0139441289901789	0.970898106395587
7853.0	0.021453882087517	0.960709337603863
8023.0	0.108126215360567	0.486769892591405
867.0	0.0658109343865867	0.930437660327157
4015.0	-0.081191796571197	0.827069005474165
472.0	0.153454831102149	0.814134784957731
6595.0	-0.294327998116597	0.432027884792972
8293.0	-0.0554364948136055	0.984451888499634
7593.0	-0.193054177440725	0.688998528799493
4165.0	-0.168948271832136	0.82583900374856
8500.0	-0.0730388052326525	0.835794818218062
7366.0	0.100349374037375	0.804232950664391
2489.0	-0.165084245003555	0.914531168575644
6388.0	0.0615200649817211	0.87746106980013
9254.0	0.01799803749131	0.980850921240861
1483.0	-0.106831053377888	0.533969202786996
5065.0	-0.320761721328751	0.727128395829438
6689.0	-0.0764507320572889	0.94604296683148
3987.0	0.0271531451921128	0.983019950877939
4030.0	0.313788453664952	0.00492535022142926
6761.0	0.469104991937488	0.48104836191749
655.0	-0.564324980508211	0.432904579723014
7862.0	0.228601914455588	0.763294950855984
6472.0	-0.118200733051417	0.765490525950165
4602.0	0.111476038416953	0.941202737881538
5230.0	-0.0121632983649107	0.996057666173667
1085.0	-0.236753365062935	0.182358453084856
9237.0	-0.0341961049813762	0.988594650080369
3367.0	-0.257769834069936	0.52048717477688
6477.0	-0.193753079914448	0.763592393784113
131.0	-0.0717104223603116	0.962031012395412
7301.0	0.363969464064194	0.102716102578935
5092.0	0.115796953417831	0.895004593922861
2755.0	-0.262452094028863	0.212815723395278
8438.0	0.154236581275796	0.879568793508914
3667.0	-0.464020265873138	0.379602329613136
140.0	0.208893991153207	0.668269772659287
7926.0	-0.0888187211977503	0.86443024356395
6897.0	0.0216949084175688	0.996331353880659
5470.0	-0.42563962243123	0.308587798944827
5767.0	0.0395020681756115	0.991776058259958
1966.0	-0.0748282974276116	0.986806186538161
924.0	-0.348768761981624	0.250122189363635
6949.0	0.699545562831208	0.193762981969103
1582.0	-0.213888337991065	0.794848644015297
1593.0	0.105020117539318	0.614837420348522
702.0	-0.0471820658984505	0.985589235740642
7249.0	-0.0693979260688344	0.992003547211957
7265.0	0.978791920104662	0.0519140896926836
7708.0	0.0460410470174679	0.954374920738192
3570.0	0.727145991326783	0.45519008769908
3168.0	0.0394090528197104	0.85569984548571
2957.0	0.0356141792891833	0.77243897918998
5122.0	0.0677680138659369	0.889010345331897
3975.0	-0.148001256895697	0.867939875157943
3074.0	0.0420696768002102	0.961741244188507
1963.0	-0.167466893723134	0.869671205093754
2415.0	-0.273998600295627	0.582936725325528
9177.0	-0.154424959752415	0.822519452209167
2732.0	0.188999359244765	0.892964403333089
8374.0	0.19209970842731	0.826002028360148
1482.0	-0.245334549963051	0.557361474208639
3318.0	0.0322260698180159	0.971842111129467
8275.0	-0.0701428184386153	0.855726790464476
2072.0	-0.293918896957152	0.0908405093611837
6605.0	-0.0986075463968064	0.498497826552387
8145.0	-0.0542025652348812	0.981371147371318
8935.0	0.210540792358447	0.343441501652046
5323.0	0.0107498082596216	0.996189024529348
2441.0	-0.379623612162348	0.0355632823601301
2451.0	-0.116325318165245	0.173731699857202
1222.0	-0.443717792814976	0.0148261049784837
8867.0	-0.103488572776875	0.960219885824424
5001.0	-0.120556833962766	0.756856477126165
3172.0	0.244008509047678	0.251111706446619
1586.0	-0.0556637259761281	0.780743405082912
1704.0	0.0815990466002923	0.988676414078108
1342.0	-0.149085573016656	0.398852832656377
4517.0	0.0149127353303555	0.995485382270668
2392.0	-0.00198111171642523	0.988786865849443
801.0	0.0649374284790127	0.969491677690247
8228.0	-0.276934937906201	0.717578576128613
2543.0	0.195783436223731	0.357030317975438
1949.0	-0.257465948457128	0.781467104298313
620.0	-0.268091548136905	0.501757817977179
8873.0	-0.349663513418456	0.404224759070716
4186.0	0.208733978195795	0.689474473383868
2840.0	0.317687256497191	0.806100839694367
8705.0	0.0330954136626609	0.990294237794066
8544.0	0.0335941050576523	0.979047144418616
1468.0	0.0172358651798028	0.9950243099576
4206.0	0.0778403185803995	0.94389700416146
4512.0	0.112925676762377	0.809639503911477
5080.0	-0.197283896427628	0.88452709525731
2012.0	0.939966384414181	0.0737192902711051
2425.0	-0.279508944223512	0.361385472186276
6727.0	0.0306129572599652	0.972369306111919
9009.0	-0.136716530537957	0.560563085238012
833.0	0.279016221286923	0.56886354286337
5481.0	0.0330620274627478	0.916663238004101
3674.0	-0.158227100016973	0.723780991692974
9359.0	0.122580339872375	0.898663357457291
1260.0	1.24777256327612	0.0554736133982305
7117.0	-0.0526472359119872	0.831065744656864
8866.0	-0.180714109182283	0.889264455299858
4028.0	0.170677976149509	0.891620549822347
3302.0	0.443578619126814	0.413357352830533
8.0	-0.0908902576454835	0.710617695845425
5920.0	0.00567709768916203	0.999110671296512
5387.0	0.1468116461762	0.308269719635458
1561.0	0.0471384327582562	0.935194150718264
7192.0	-0.217882067771487	0.0271794344817189
8790.0	0.682130624266595	0.111319312655332
1024.0	-0.0370014934615632	0.792375074679156
9180.0	-0.022856340796281	0.982547557380663
1019.0	-0.232439122444156	0.604504469858822
294.0	0.00956213723797816	0.992926844149034
1325.0	-0.0451299316122658	0.82800257561049
548.0	-0.192575991378178	0.887422293369299
8170.0	0.164163890105606	0.87737450773132
7079.0	0.441241950965093	0.301749912507657
5809.0	0.0728740905286749	0.941973494659667
5955.0	0.524565183294573	0.518444308848285
6574.0	-0.0830429346357313	0.799530309049082
3918.0	-0.301646492594013	0.60531829395715
7918.0	0.16306215057616	0.686664798893582
2705.0	-0.423196819704447	0.148030724013975
6099.0	-0.0842565021734316	0.936661051797295
2097.0	-0.173122593630268	0.477593459840074
2428.0	-0.0116754467652029	0.971364145561641
6729.0	-0.174895522040131	0.574264628504972
3760.0	0.243029512297365	0.319540991522517
3908.0	0.130303609044514	0.37620757867283
3989.0	0.394558518138151	0.337327981543865
5801.0	0.0630155844605937	0.986491430496046
5353.0	0.190944166750313	0.928329904659361
3725.0	-0.051822979548902	0.914141394752893
401.0	-0.273763735007982	0.693677544565574
2272.0	-0.256528814590336	0.504820039819121
3373.0	-0.131323721510295	0.916559138907849
397.0	1.06536008164958	0.0011605933008757
5532.0	-0.0647549849508557	0.909145591660602
314.0	-0.320440841112958	0.0350978104923567
5607.0	0.058961377986801	0.952121837481605
3735.0	-0.078352587198097	0.67218843159782
1271.0	0.154362741223794	0.943491440597398
4107.0	0.216413780573074	0.814952850002126
3870.0	0.314158588675749	0.487786774533035
9171.0	-0.14902242007101	0.711211009287795
8691.0	-0.066508149919752	0.896377512630895
6912.0	0.196182171042125	0.606319221250018
6457.0	0.000753891807924845	0.996705645278348
9168.0	0.133810047384369	0.615234612219971
7161.0	0.0421840560030873	0.921698562001847
3359.0	0.2737886540502	0.378388857752096
415.0	0.156416887944037	0.838528065174179
8724.0	-0.144235454429822	0.860657410320858
8495.0	-0.156914888917633	0.612913478526033
8696.0	-0.0717979975013705	0.59701364769612
2308.0	-0.158769055484985	0.803375146919018
5575.0	0.00423766175835638	0.99406886569261
4159.0	-0.447674188077222	0.286264526699765
8844.0	0.210497255538559	0.745144305271644
7444.0	0.127014824884441	0.833968694607284
1796.0	0.267705614964306	0.090528928421926
2248.0	-0.234322805968066	0.144329242649607
1082.0	-0.011537890873516	0.944225731475945
3809.0	0.0889968618111645	0.796382070412118
3583.0	0.33592932237358	0.546473577204201
4384.0	0.0935937950975294	0.900974200799496
4936.0	-0.296235412691793	0.07516063009337
4888.0	-0.125217792480409	0.932692608101792
2104.0	-0.256598622678737	0.147632924159478
4563.0	-0.0485974069372155	0.969814131558619
942.0	-0.0179915915922315	0.9796630992611
7073.0	-0.198509019983106	0.176347020914903
4661.0	-0.0951738958799737	0.94012792231447
7484.0	-0.165648675109733	0.769591303057339
6301.0	-0.18945574235245	0.81859582460165
3994.0	-0.0365121258367829	0.960804766183112
6255.0	-0.120192344227977	0.888468004862077
7948.0	0.0715142363287029	0.935330889315828
2843.0	-0.107814119536965	0.875001791017195
4648.0	0.033070334280719	0.95562716698455
4903.0	0.0489954417293603	0.991816599224803
5760.0	0.0173382230648933	0.985128183334917
8005.0	-0.056295943834666	0.987695747412407
2280.0	0.115665082033455	0.97813692265355
1725.0	0.127456884430949	0.448150853025894
5749.0	-0.109447459740132	0.558447233365397
2419.0	-0.360825897817655	0.662512327955244
7323.0	0.0996869455608156	0.730284313215032
7575.0	-0.0583238755749136	0.932975474485537
4153.0	-0.231860080817864	0.148089689703961
4042.0	0.0974365442230933	0.783078253269993
3972.0	-0.168156897615802	0.607727413274044
4249.0	0.130037045994833	0.942452856244557
7955.0	-0.213626645464696	0.977416218693433
6249.0	0.0422292776211854	0.960274466421756
365.0	0.269807413024427	0.307241397192758
1718.0	0.730142931925293	0.208417575288203
3753.0	0.682134932897231	0.471292280579346
6935.0	0.171281251294147	0.723819598061201
4597.0	-0.108752871166079	0.813502581911935
7753.0	-0.25474292603975	0.736243841162285
582.0	0.149930408112287	0.759243317289041
6185.0	0.279616540583138	0.53378209000815
4773.0	0.0301680195840746	0.95627943741917
6572.0	-0.222829156482359	0.722965315322998
5302.0	-0.172201523535264	0.5511921070901
5188.0	-0.00372192452829978	0.993695155914218
9073.0	0.179287571298783	0.559143692850598
7608.0	0.23228423600429	0.0249824726275734
1086.0	0.309607331154055	0.223191552700341
3157.0	-0.120514897903064	0.709765669592832
711.0	0.041321823869847	0.985168378808748
7359.0	-0.360658428843102	0.165174856876455
7874.0	-0.277416740273228	0.91039590165978
406.0	0.0442826125366587	0.97301099011554
6624.0	0.156315101875393	0.753380901241807
4963.0	0.631938249136763	0.330861963183296
931.0	0.0240095085143288	0.985742231780828
1746.0	-0.158995030562743	0.852725641616333
4933.0	-0.0309602397444273	0.952134662230315
155.0	0.0680622162607598	0.964632773755656
956.0	0.00861273515981154	0.986779292112445
8139.0	0.316085305358314	0.0822780707304942
1800.0	-0.606725853163457	0.213055340028315
4051.0	0.304675214317275	0.499044872597149
9337.0	0.0451240166550058	0.979331483358339
6820.0	-1.26035394725597	0.148710027114413
486.0	-0.0741810189213688	0.752025725359096
8969.0	0.10283069539069	0.887876783243809
243.0	0.173578881376947	0.414680532673588
5783.0	-0.133875900733788	0.802575823784447
4643.0	1.23809762535097	0.0761342889747392
6707.0	0.00655236671081028	0.994953856144688
2235.0	0.186138047447031	0.46972975123427
7997.0	0.127445281732591	0.961318005280698
8826.0	0.00739501595784375	0.979656330811441
8591.0	-0.240973970757512	0.616774364156103
1062.0	0.0357514495249092	0.99672441788793
3096.0	-0.023945505376922	0.970537193585525
6502.0	-0.0603505728481757	0.960735856055953
3892.0	-0.0638767472894131	0.942019958321563
2826.0	-0.563186545978734	0.482991563806299
1203.0	-0.0412837635594663	0.962114146185363
2650.0	-0.288838628371327	0.666605615129391
6087.0	-0.0959306858382618	0.784042776268267
2354.0	0.020813781675983	0.959305149055223
6248.0	-0.113494992783387	0.97298550956911
331.0	-0.0292765929919945	0.996051140061524
3361.0	0.162435543343832	0.88698440745404
6313.0	-0.166326119932382	0.0579510858353856
4914.0	-0.175384786827699	0.916758529210111
2875.0	-0.323200359702547	0.0861987649818566
3685.0	0.0875118364789032	0.92143306107713
4989.0	-0.0145780009779202	0.997541625027306
8110.0	-0.264038181967003	0.280318525712671
8608.0	-0.047358993277598	0.969049196618576
6444.0	-0.0558480143970925	0.955797974167088
3973.0	-0.0409004084320443	0.964370815879244
6335.0	-0.0971667730432273	0.809950812792572
3676.0	0.218722219040142	0.683722988199121
1576.0	0.118023977697341	0.698815316006507
5041.0	-0.0102916614361739	0.962788964788588
3727.0	0.203399858559855	0.643250037837423
138.0	-0.168585634022595	0.730325459963762
1423.0	1.46009404724977	0.0031062202152502
9364.0	0.171295769537004	0.154539383891922
3277.0	-0.295245340684737	0.185801970606142
2255.0	-0.171692772683933	0.848851904027827
2555.0	0.464259846800182	0.28047828748222
487.0	0.139826368213107	0.855868283905165
3357.0	0.0172261769221365	0.941649568839474
2595.0	0.0431120696638416	0.995877312344295
9008.0	0.109229588247342	0.91576189335302
8097.0	0.328852083527451	0.802718630703542
8976.0	0.176676113211183	0.844540688541674
1301.0	-0.357081783106924	0.0353477855584357
1477.0	-0.237750767482193	0.531181045562414
9255.0	0.0425760846992311	0.994212555215747
8351.0	-0.0428921217859184	0.980542788325228
1961.0	-0.28184314535377	0.814756612950436
4700.0	-0.0903439009763467	0.865878055624506
8522.0	0.0390651199829275	0.989640448933222
1329.0	0.058535927030853	0.952534075212924
7410.0	-0.100830563736878	0.642690772504045
2062.0	0.0551422584652777	0.992674322240619
3076.0	0.13880240428638	0.59750724649149
1100.0	-0.114939406326062	0.854414266698793
6819.0	-0.226567826707459	0.546447347154496
8316.0	-0.120654011050156	0.825589578072787
8603.0	-0.222832931761854	0.670083074987539
3682.0	0.0806799330301615	0.908823974499356
840.0	-0.222337332275	0.666975213380664
2161.0	0.262573815084711	0.346896516155952
2982.0	0.32687976754638	0.253646805090626
274.0	-0.103784073725201	0.505854850258135
2431.0	-0.0752702412868551	0.907289922708688
4115.0	-0.0361684627307266	0.990878238876751
5472.0	-0.0885873804883985	0.712948520698367
3782.0	0.135043997603489	0.775215580580311
7703.0	0.587418471473104	0.0107878549730676
2169.0	-0.32634036772706	0.00645436601813743
5208.0	0.0353985038895068	0.948678809376428
769.0	-0.0588480647152245	0.967989236672882
4864.0	0.432096147715875	0.490571967625127
1651.0	-0.394919551654866	0.103696406338204
8519.0	-0.0862495442438096	0.941552404003077
1847.0	0.0919962874354923	0.416833455282452
1908.0	-0.00650777255346569	0.998046429568324
8266.0	0.0341405587269819	0.972388283592693
1525.0	-0.2504467445339	0.461726089592997
7086.0	-0.0415837097834348	0.936221034493572
2212.0	-0.101485413903266	0.81513574276981
5635.0	0.057582932652565	0.984748191213607
5380.0	0.389161166454258	0.357546233742733
4463.0	-0.196862447005003	0.757852980307222
5286.0	-0.227617894709915	0.820200566202183
8776.0	-0.060239015654858	0.970513917516924
2491.0	0.173004481250889	0.491139336266788
6863.0	-0.0357359860419493	0.964413556949854
9207.0	0.0732355312249524	0.95790804262955
105.0	0.34842584853671	0.576195738089594
645.0	-0.103318155335778	0.553198661755854
1854.0	0.169281134372575	0.695388025864596
5586.0	0.00268300443598335	0.995963832820617
4831.0	-0.106230085356508	0.951848255049843
5632.0	1.3251706737753	0.382099962290639
1073.0	0.0219833807556427	0.98850729631143
1880.0	0.0530107695977051	0.98828659497461
3316.0	-0.0846494519160181	0.86247370098329
2893.0	-0.218051835139612	0.231716587844647
8338.0	-0.432604793878118	0.177475013604371
8977.0	-0.0878662546747755	0.775137210509157
3115.0	0.0327843534094754	0.997116953962706
4029.0	-0.220667130175134	0.797462734914686
3573.0	-0.0259512230779571	0.934517456184027
5420.0	0.052222715492082	0.886384899517071
3742.0	0.0824965948974281	0.713404559395998
2550.0	0.130251936570339	0.826912018916179
2511.0	-0.363006464264021	0.156840624469632
8481.0	2.50155409034792	0.00933389834316944
7172.0	-0.269855121577827	0.619674964402754
5872.0	-0.190635616287029	0.685699929033823
9050.0	0.053973963973025	0.969425184606839
4127.0	-0.134735126486241	0.661053883453172
4673.0	0.0240849457946908	0.943692875644427
6104.0	0.194615172549245	0.719374279806293
9245.0	0.0181791850623796	0.996088527233192
4318.0	-0.0954902708373169	0.856659235864401
8347.0	-0.125882854567706	0.636622076266572
9397.0	0.108742403499772	0.956600865213449
356.0	-0.128196711572759	0.775662329644338
686.0	0.0479110601184694	0.896065599554672
4769.0	-0.094544113316168	0.996300543284542
7166.0	0.0105176659999664	0.999036189740499
2619.0	-0.0520428061917855	0.936446753524274
1107.0	-0.145485084444402	0.776228543740116
6507.0	-0.15810843737637	0.716055057695306
1248.0	0.0571492619382035	0.949052248519434
3255.0	0.327080922538698	0.0943293820683129
7031.0	-0.284139431153054	0.582903447169156
6225.0	0.103710940031565	0.708266355152131
1001.0	0.169518552759129	0.15619784962111
371.0	-0.0395690855749749	0.903737316162129
2557.0	-0.243840677108805	0.762628083377662
2427.0	-0.126380831089975	0.702194412369464
193.0	-0.168740887222452	0.908854618698059
4435.0	-0.017894456760601	0.993711288496896
7668.0	0.0289536760278182	0.99357053522758
1868.0	-1.11917006149495	0.0140512847504496
8306.0	-0.0857988353785295	0.607029095760119
2612.0	0.245873908488054	0.0522282090227312
5890.0	-0.213833411990429	0.756331016116553
4485.0	0.080284501255445	0.95317899668187
3494.0	0.23409634444862	0.195007119040251
7319.0	-0.300607685559225	0.222351259690166
7327.0	-0.0824254538752314	0.781558302583321
1351.0	0.0983758355594766	0.851227177564051
3841.0	0.336203424946746	0.241942625124248
224.0	-0.217471304591619	0.97529740834323
6798.0	-0.134559084094132	0.851879002497169
223.0	-0.0616852781448287	0.865677305906322
4134.0	0.121066196349545	0.647909315326443
8069.0	0.155363383492503	0.902770707328452
9090.0	-0.0996508304065564	0.83433803589322
8809.0	-0.231411367999549	0.564992790581923
9401.0	-0.243265433522875	0.404602063279729
6029.0	-0.301812535867295	0.402421542023738
1682.0	-0.374753296983009	0.0645913113693084
1779.0	-0.0158958376188139	0.990061546405083
5482.0	-0.32903127761325	0.393441657676425
6434.0	-0.161760167468543	0.629168541063656
2442.0	-0.00179255188441729	0.98225844025241
4183.0	-0.118013427068938	0.848390544980495
1554.0	-0.215774039824282	0.462687055449999
7869.0	-0.135449652055172	0.917896147680993
821.0	0.137963229306603	0.531271513332426
1551.0	0.0629205488548301	0.89199362751355
2594.0	-0.171420934774581	0.452231798302021
8365.0	-0.309766685783472	0.654169732820678
6610.0	0.240431362067888	0.370204188629173
9110.0	0.22290568497214	0.535419379221517
2655.0	0.29727072882628	0.682936359482027
8847.0	0.00429521234796582	0.999299796618124
8153.0	0.119655211010095	0.949937372683011
7799.0	0.272354270059569	0.709334304088859
4065.0	0.106650974635642	0.636802869923164
5516.0	0.942893384665993	0.623494067475126
6380.0	-0.0171137511961312	0.972592257042431
2393.0	-0.000277455715945507	0.996521695481149
8395.0	-0.290816344617816	0.346521816319765
2960.0	0.0393401818622579	0.856492824547249
6609.0	0.00308696534500896	0.996672280720036
7187.0	-0.263689806951913	0.298227314732016
4122.0	-0.0623786217725417	0.98039556625957
481.0	-0.193672775740616	0.435621801416524
171.0	0.0906309745575484	0.970832208669201
1715.0	-0.0505812813946207	0.815075337114128
7684.0	0.0869398820243497	0.965633152951326
8037.0	-0.791457627399367	0.103276274283989
7877.0	0.224306413478029	0.44552601792705
5611.0	0.0336556541960178	0.936043799014791
6769.0	0.026040012521257	0.99684018894553
2734.0	0.337342675676346	0.230849460864975
929.0	-0.098513028639541	0.903424235713622
7040.0	-0.141238608144118	0.769468416482137
3893.0	0.196027819176017	0.815957615023887
6228.0	-0.179728605906757	0.315699986100399
1129.0	-0.200437138924134	0.711946236447909
7567.0	-0.301317319031003	0.625350413286727
8908.0	-0.0486884027985823	0.98432801304567
1453.0	0.0724730653451182	0.945988791243882
8609.0	-0.14632554799115	0.902655228544396
8149.0	0.0829860177203692	0.958761796154478
2094.0	0.0715412261254684	0.731170290437823
1472.0	0.25123011181152	0.0936237372686628
3822.0	-0.288904475842006	0.725595165555766
2897.0	-0.0436845404580168	0.910535671671225
4024.0	0.0479472769550036	0.970588439801668
5212.0	0.0174434083653523	0.995446314753477
8946.0	-0.228094496771107	0.488231767770824
7284.0	-0.189111633850267	0.424425720883409
7816.0	0.213635567338123	0.8706390809165
1099.0	-0.0894642238747778	0.985000300202534
5405.0	-0.0534421684071127	0.980664046382221
7068.0	0.275561254517044	0.605314553865904
6762.0	-0.122102054074752	0.913900787136566
1872.0	0.683377179444459	0.381545178626321
1479.0	-0.0335932825508145	0.906412694804712
8504.0	0.061892147236275	0.949427553689547
5260.0	0.515573531822849	0.227215330875236
1410.0	-0.123294296289576	0.500878892265747
4816.0	-0.0466655491815686	0.882594606358235
8967.0	-0.113240691372425	0.934207558441274
656.0	0.0981177408855203	0.788187096369929
7611.0	-0.0428258893934732	0.971065820462097
2241.0	0.0354920904201599	0.934633033973685
3247.0	0.145414736082667	0.849781221131517
9038.0	0.0333724269137825	0.836817092083086
822.0	0.0580373547431066	0.962637751521453
8288.0	-0.0725007470249324	0.92422339554109
6342.0	0.00352264618950571	0.999113235341149
2128.0	-0.152595705294196	0.687154213370205
1610.0	-0.292522891608041	0.488238660627836
5373.0	0.0393293791226199	0.939416688731318
3553.0	-0.431657809871695	0.134601977283746
1594.0	0.102196864363709	0.836147147542884
5519.0	0.111836559762118	0.834222688696259
3709.0	-0.227529485809505	0.191837897109406
412.0	-0.1174345966323	0.831945677906093
7732.0	-0.0693790386525315	0.947606720785226
2729.0	0.0352461183914556	0.962485646707301
4217.0	0.0333645565246208	0.995276120576994
5727.0	0.120844161202786	0.448155898658221
5536.0	-0.107628394164642	0.844410269671905
607.0	0.0762916439567043	0.770547754351589
6278.0	0.305276345790574	0.283542351885074
8872.0	-0.124597631924189	0.928164572585601
2134.0	0.25948999199105	0.537210816451477
2352.0	-0.319938411929599	0.150865417967739
6354.0	0.461424219093743	0.318172774637441
1802.0	-0.103287288803752	0.065895081553224
7676.0	-0.0026684155972525	0.997476534981263
8840.0	-0.00508028943545469	0.991506563517879
1634.0	0.235128999318462	0.480486554628203
2475.0	-0.11332886129949	0.882501782514558
4094.0	0.091524901376097	0.790882611225478
2920.0	-0.0294943955354192	0.92622900107805
4624.0	-0.209142529859239	0.467762236695616
8806.0	-0.0813224765777818	0.940071349951896
5439.0	0.55913250213888	0.047869612380308
6392.0	-0.0837985038472588	0.946464959574262
8710.0	0.145926661692904	0.105197522009097
7330.0	-0.0847527719404617	0.666090824866533
8291.0	-0.0376390837200802	0.924776828559721
5284.0	-0.134457342954441	0.542863494722774
2206.0	0.116066384071051	0.131263964780655
7269.0	-0.0691636560793825	0.863190030032798
533.0	-0.213559265635805	0.367802315499676
3995.0	-0.0248805829266807	0.65559524702709
7813.0	0.100101278004036	0.898522236783828
3128.0	1.05999854989241	0.0307734080229747
7489.0	0.0784480150178588	0.902096019490463
4212.0	-0.14954083174263	0.714417741336058
3413.0	0.147843377190316	0.655030621667106
4205.0	0.391571232501686	0.411469201154817
150.0	0.0386432871155584	0.986471609339895
1393.0	-0.031271621213655	0.884324237543237
6183.0	0.0467875876177359	0.727168850765453
7635.0	-0.00902587340462802	0.998152352953491
4308.0	0.131749539357315	0.845217215523604
764.0	-0.127023839772196	0.718121955416817
5648.0	-0.245705108400752	0.774833554582702
2216.0	0.195367858671517	0.359981839762111
3283.0	-0.0887018826850543	0.646815357041258
4325.0	0.28985312413954	0.86011489748157
2252.0	-0.579674855072065	0.581886212338778
7419.0	0.073645916604665	0.961159648224659
9271.0	0.034050000161443	0.963649009290586
3720.0	0.0457033203768589	0.98062894210187
8230.0	-0.44322853148161	0.64367224291891
